{"steps": [1, 2, 3, 4, 5, 6, 7, 8, 9, 10, 11, 12, 13, 14, 15, 16, 17, 18, 19, 20, 21, 22, 23, 24, 25, 26, 27, 28, 29, 30, 31, 32, 33, 34, 35, 36, 37, 38, 39, 40, 41, 42, 43, 44, 45, 46, 47, 48, 49, 50, 51, 52, 53, 54, 55, 56, 57, 58, 59, 60, 61, 62, 63, 64, 65, 66, 67, 68, 69, 70, 71, 72, 73, 74, 75, 76, 77, 78, 79, 80, 81, 82, 83, 84, 85, 86, 87, 88, 89, 90, 91, 92, 93, 94, 95, 96, 97, 98, 99, 100, 101, 102, 103, 104, 105, 106, 107, 108, 109, 110, 111, 112, 113, 114, 115, 116, 117, 118, 119, 120, 121, 122, 123, 124, 125, 126, 127, 128, 129, 130, 131, 132, 133, 134, 135, 136, 137, 138, 139, 140, 141, 142, 143, 144, 145, 146, 147, 148, 149, 150], "running_avg": 100, "seed": 99125, "avg_losses": [1.3108, 1.3582, 1.4186666666666667, 1.3831250000000002, 1.3328400000000002, 1.3067666666666669, 1.1932428571428573, 1.1246375, 1.0769222222222221, 1.0107199999999998, 1.016790909090909, 0.9765666666666667, 0.9487384615384615, 0.9085214285714286, 0.8807266666666667, 0.8643000000000001, 0.8456058823529412, 0.8294277777777778, 0.8024578947368421, 0.77461, 0.7515571428571428, 0.7449318181818182, 0.7252086956521739, 0.7103708333333333, 0.6989799999999999, 0.6857461538461538, 0.6710296296296296, 0.6593249999999999, 0.6607068965517241, 0.6532666666666667, 0.6412741935483871, 0.631728125, 0.6228666666666667, 0.6110382352941177, 0.5996657142857144, 0.5976861111111113, 0.5878864864864866, 0.5796236842105265, 0.5731589743589744, 0.5688050000000001, 0.5618926829268294, 0.5555761904761907, 0.5570860465116281, 0.5501954545454547, 0.543628888888889, 0.5371543478260871, 0.5352872340425533, 0.5291958333333334, 0.5237448979591838, 0.5173300000000001, 0.5127901960784315, 0.5065615384615385, 0.5015000000000001, 0.4963148148148149, 0.48998, 0.48589464285714284, 0.4821578947368421, 0.4795637931034483, 0.481113559322034, 0.47715500000000005, 0.4751213114754099, 0.47157258064516133, 0.4688571428571429, 0.46723125000000004, 0.4656353846153846, 0.4616848484848485, 0.4615865671641791, 0.4614088235294118, 0.4590811594202899, 0.4564142857142857, 0.4533112676056338, 0.4503555555555555, 0.4491136986301369, 0.44642027027027015, 0.4447666666666666, 0.4433065789473683, 0.44062207792207786, 0.43977948717948706, 0.43851645569620246, 0.4370049999999999, 0.4355185185185184, 0.43644756097560966, 0.4387493975903613, 0.437042857142857, 0.4356788235294117, 0.43314302325581383, 0.43177241379310327, 0.43032613636363615, 0.4289505617977526, 0.4259333333333331, 0.42369999999999985, 0.4230543478260868, 0.4213677419354837, 0.4195255319148934, 0.4179810526315787, 0.4172083333333331, 0.41580721649484514, 0.41502346938775486, 0.41378383838383814, 0.41189999999999977, 0.40193899999999994, 0.39053099999999985, 0.37742099999999995, 0.37135899999999994, 0.3625719999999999, 0.354556, 0.35194000000000003, 0.34857400000000005, 0.3447450000000001, 0.3444870000000001, 0.33728000000000014, 0.3345060000000001, 0.33388700000000016, 0.33187900000000015, 0.32993400000000006, 0.3262070000000001, 0.3237640000000001, 0.3211930000000002, 0.3207550000000001, 0.3203690000000001, 0.3198190000000001, 0.31606600000000007, 0.31517800000000007, 0.3133010000000001, 0.3131650000000001, 0.3111120000000001, 0.3100900000000001, 0.3095040000000001, 0.3045470000000001, 0.3047470000000001, 0.30539900000000003, 0.304113, 0.30340700000000004, 0.302925, 0.30346500000000004, 0.300404, 0.300794, 0.301604, 0.30096799999999996, 0.300625, 0.300714, 0.30293, 0.299096, 0.299324, 0.3036559999999999, 0.30389099999999997, 0.30281299999999994, 0.30330399999999996, 0.30253499999999994, 0.30383299999999996], "losses": [1.3108, 1.4056, 1.5396, 1.2765, 1.1317, 1.1764, 0.5121, 0.6444, 0.6952, 0.4149, 1.0775, 0.5341, 0.6148, 0.3857, 0.4916, 0.6179, 0.5465, 0.5544, 0.317, 0.2455, 0.2905, 0.6058, 0.2913, 0.3691, 0.4256, 0.3549, 0.2884, 0.3433, 0.6994, 0.4375, 0.2815, 0.3358, 0.3393, 0.2207, 0.213, 0.5284, 0.2351, 0.2739, 0.3275, 0.399, 0.2854, 0.2966, 0.6205, 0.2539, 0.2547, 0.2458, 0.4494, 0.2429, 0.2621, 0.203, 0.2858, 0.1889, 0.2383, 0.2215, 0.1479, 0.2612, 0.2729, 0.3317, 0.571, 0.2436, 0.3531, 0.2551, 0.3005, 0.3648, 0.3635, 0.2049, 0.4551, 0.4495, 0.3008, 0.2724, 0.2361, 0.2405, 0.3597, 0.2498, 0.3224, 0.3338, 0.2366, 0.3749, 0.34, 0.3176, 0.3166, 0.5117, 0.6275, 0.2954, 0.3211, 0.2176, 0.3139, 0.3045, 0.3079, 0.1574, 0.2227, 0.3643, 0.2662, 0.2482, 0.2728, 0.3438, 0.2813, 0.339, 0.2923, 0.2254, 0.3147, 0.2648, 0.2286, 0.6703, 0.253, 0.3748, 0.2505, 0.3078, 0.3123, 0.3891, 0.3568, 0.2567, 0.5529, 0.1849, 0.2971, 0.2452, 0.3022, 0.2973, 0.2732, 0.2069, 0.2355, 0.2305, 0.2025, 0.1814, 0.412, 0.1496, 0.1862, 0.2847, 0.2037, 0.4575, 0.3467, 0.2072, 0.2687, 0.1725, 0.267, 0.2223, 0.2741, 0.3549, 0.2639, 0.3647, 0.2943, 0.5182, 0.2371, 0.2767, 0.6879, 0.2693, 0.3416, 0.292, 0.1852, 0.3328], "grad_norms": [1.0720430612564087, 0.9815011620521545, 1.0177083015441895, 1.0135536193847656, 0.7980586886405945, 1.2875263690948486, 0.9432329535484314, 0.9137859344482422, 1.266197919845581, 1.4518648386001587, 1.9337131977081299, 1.335445523262024, 1.2712026834487915, 0.7810056805610657, 0.9890347123146057, 1.674976110458374, 1.1074053049087524, 0.9498077034950256, 0.8606046438217163, 0.49987754225730896, 0.5999603867530823, 1.2831578254699707, 1.0326838493347168, 0.6976400017738342, 1.1508148908615112, 0.6885938048362732, 0.567205548286438, 0.5164415240287781, 0.7920571565628052, 0.6634119153022766, 0.3824761211872101, 0.5786937475204468, 0.5368415713310242, 0.5901367664337158, 0.5037471652030945, 1.564126968383789, 0.5290215015411377, 0.6020506620407104, 0.6808918714523315, 0.8524526357650757, 1.3619568347930908, 0.47890082001686096, 0.8506760001182556, 0.3914988338947296, 0.5577210783958435, 0.36805808544158936, 0.8387045860290527, 0.40821608901023865, 0.4598190486431122, 0.6272871494293213, 0.5119650363922119, 0.668422520160675, 0.421368271112442, 0.3957287669181824, 0.2774103581905365, 0.4800194203853607, 0.8324342370033264, 0.5335273742675781, 0.8212453126907349, 0.39611324667930603, 0.9616019129753113, 0.3471445143222809, 0.438455194234848, 0.5673137903213501, 0.5721925497055054, 0.36411136388778687, 0.5971929430961609, 0.5625606179237366, 0.6259088516235352, 0.7028959393501282, 0.4831485152244568, 0.28369027376174927, 0.4543968439102173, 0.9494971036911011, 0.585735023021698, 0.42715683579444885, 0.48244258761405945, 0.42524752020835876, 0.74262535572052, 0.4668760597705841, 0.3846449553966522, 0.8738731741905212, 0.6775109767913818, 0.3872871398925781, 0.4370577037334442, 0.6046259999275208, 0.5239956378936768, 0.5184254050254822, 0.5677436590194702, 0.3462721109390259, 0.42444899678230286, 0.7465671300888062, 0.4755608141422272, 0.7182183861732483, 0.44035765528678894, 0.7839372754096985, 0.4373988211154938, 0.45419904589653015, 0.5291577577590942, 0.43122678995132446, 0.5073428750038147, 0.37696900963783264, 0.3311709463596344, 0.6723697781562805, 0.7736963629722595, 0.5131492018699646, 0.39886581897735596, 0.5952814817428589, 0.5875273942947388, 0.5663856863975525, 0.6231045722961426, 0.5994042158126831, 0.6273981928825378, 0.26835206151008606, 0.45150741934776306, 0.3892853558063507, 0.41702941060066223, 0.3910672962665558, 0.3174578845500946, 0.46427029371261597, 0.28807395696640015, 0.32271960377693176, 0.3393447697162628, 0.38650503754615784, 0.5347549319267273, 0.27322110533714294, 0.25458112359046936, 0.4819880425930023, 0.3920254111289978, 0.5831062197685242, 0.4443323612213135, 0.4496348202228546, 0.3173248767852783, 0.35787197947502136, 0.3638663589954376, 0.35770729184150696, 0.2709188461303711, 0.5912825465202332, 0.33902207016944885, 0.5890808701515198, 0.3409655690193176, 0.6496698260307312, 0.34716394543647766, 0.2798822820186615, 0.6947262287139893, 0.43376773595809937, 0.38381248712539673, 0.3464733362197876, 0.25419268012046814, 0.35520225763320923],